total_workers,cutting_workers,sewing_workers,finishing_workers,absent_workers,cutting_output,sewing_output,finishing_output,final_output,daily_target,workflow_blocked,bottleneck_department,reallocated_workers,diversion_success,targeted_productivity_gain,target_achieved
57,11,29,17,2,232,232,232,211,212,0,Cutting,0,0,-0.0047169811320754715,0
34,9,13,12,2,162,162,162,149,159,0,Cutting,0,0,-0.06289308176100629,0
35,9,10,16,1,180,167,167,160,172,0,Sewing,0,0,-0.06976744186046512,0
60,16,25,19,5,293,293,293,292,293,0,Cutting,0,0,-0.0034129692832764505,0
48,9,28,11,4,178,178,178,170,173,0,Cutting,0,0,-0.017341040462427744,0
33,14,11,8,3,276,170,127,114,105,1,Finishing,4,1,0.08571428571428572,1
31,12,13,6,5,240,223,88,87,82,1,Finishing,2,1,0.06097560975609756,1
49,18,13,18,5,338,197,197,184,192,1,Sewing,5,1,-0.041666666666666664,0
49,14,22,13,4,296,296,233,227,241,0,Finishing,0,0,-0.058091286307053944,0
39,12,20,7,0,250,250,114,113,109,1,Finishing,4,0,0.03669724770642202,1
46,13,17,16,1,238,238,238,230,225,0,Cutting,0,0,0.022222222222222223,1
27,10,12,5,2,184,184,85,81,76,1,Finishing,3,0,0.06578947368421052,1
57,19,24,14,1,375,375,246,233,230,1,Finishing,4,1,0.013043478260869565,1
42,9,16,17,2,169,169,169,163,151,0,Cutting,0,0,0.07947019867549669,1
54,14,22,18,0,257,257,257,242,224,0,Cutting,0,0,0.08035714285714286,1
48,14,16,18,0,267,267,252,235,244,0,Finishing,0,0,-0.036885245901639344,0
42,10,17,15,0,199,199,199,183,196,0,Cutting,0,0,-0.0663265306122449,0
38,12,18,8,0,219,219,119,115,110,1,Finishing,5,0,0.045454545454545456,1
53,12,26,15,0,262,262,211,197,191,0,Finishing,0,0,0.031413612565445025,1
38,18,11,9,3,356,189,147,133,136,1,Finishing,1,0,-0.022058823529411766,0
32,10,14,8,1,205,205,114,112,116,1,Finishing,5,0,-0.034482758620689655,0
28,8,13,7,1,160,160,116,106,102,1,Finishing,2,1,0.0392156862745098,1
41,5,20,16,0,92,92,92,85,82,0,Cutting,0,0,0.036585365853658534,1
52,14,25,13,3,281,281,186,184,170,1,Finishing,3,0,0.08235294117647059,1
38,13,18,7,2,271,271,122,119,115,1,Finishing,3,0,0.034782608695652174,1
35,12,13,10,3,243,214,177,176,183,0,Finishing,0,0,-0.03825136612021858,0
51,18,27,6,5,356,356,88,79,79,1,Finishing,4,1,0.0,1
35,12,16,7,0,230,230,112,107,112,1,Finishing,5,0,-0.044642857142857144,0
42,10,17,15,2,211,211,211,200,212,0,Cutting,0,0,-0.05660377358490566,0
49,17,25,7,3,307,307,102,101,92,1,Finishing,5,1,0.09782608695652174,1
34,7,18,9,4,137,137,137,134,139,0,Cutting,0,0,-0.03597122302158273,0
26,9,10,7,1,182,182,117,111,120,1,Finishing,2,0,-0.075,0
40,15,19,6,1,314,314,100,93,97,1,Finishing,2,0,-0.041237113402061855,0
44,6,22,16,1,108,108,108,97,99,0,Cutting,0,0,-0.020202020202020204,0
46,18,21,7,3,365,351,116,108,116,1,Finishing,5,1,-0.06896551724137931,0
48,14,26,8,1,298,298,116,110,104,1,Finishing,4,1,0.057692307692307696,1
33,9,16,8,5,163,163,129,124,118,0,Finishing,0,0,0.05084745762711865,1
60,17,27,16,1,327,327,241,227,247,1,Finishing,5,1,-0.08097165991902834,0
43,9,18,16,4,164,164,164,151,164,0,Cutting,0,0,-0.07926829268292683,0
47,13,17,17,4,267,267,267,251,239,0,Cutting,0,0,0.0502092050209205,1
42,7,21,14,2,147,147,147,132,145,0,Cutting,0,0,-0.0896551724137931,0
56,18,29,9,3,325,325,155,144,145,1,Finishing,5,0,-0.006896551724137931,0
43,14,19,10,4,301,301,140,139,138,1,Finishing,5,0,0.007246376811594203,1
45,8,25,12,1,144,144,144,137,140,0,Cutting,0,0,-0.02142857142857143,0
31,16,10,5,4,322,187,77,76,70,1,Finishing,4,0,0.08571428571428572,1
57,17,21,19,5,307,307,307,278,288,0,Cutting,0,0,-0.034722222222222224,0
47,14,19,14,5,297,297,202,195,190,1,Finishing,5,1,0.02631578947368421,1
35,8,13,14,4,168,168,168,158,162,0,Cutting,0,0,-0.024691358024691357,0
41,11,14,16,0,227,227,227,212,210,0,Cutting,0,0,0.009523809523809525,1
46,8,25,13,5,153,153,153,152,142,0,Cutting,0,0,0.07042253521126761,1
45,13,16,16,5,269,269,255,231,251,0,Finishing,0,0,-0.0796812749003984,0
60,16,29,15,4,336,336,257,233,233,0,Finishing,0,0,0.0,1
53,11,23,19,1,217,217,217,197,212,0,Cutting,0,0,-0.07075471698113207,0
40,14,21,5,4,298,298,74,69,63,1,Finishing,2,0,0.09523809523809523,1
41,17,14,10,2,345,258,175,161,148,1,Finishing,5,1,0.08783783783783784,1
39,8,15,16,2,168,168,168,166,179,0,Cutting,0,0,-0.07262569832402235,0
46,7,22,17,1,139,139,139,126,122,0,Cutting,0,0,0.03278688524590164,1
34,5,12,17,3,109,109,109,107,113,0,Cutting,0,0,-0.05309734513274336,0
48,10,21,17,4,181,181,181,180,196,0,Cutting,0,0,-0.08163265306122448,0
43,7,28,8,0,140,140,134,126,122,0,Finishing,0,0,0.03278688524590164,1
33,10,12,11,0,216,216,156,146,158,1,Finishing,5,1,-0.0759493670886076,0
41,14,13,14,1,264,208,208,192,193,0,Sewing,0,0,-0.0051813471502590676,0
58,19,26,13,0,373,373,196,179,195,1,Finishing,2,0,-0.08205128205128205,0
46,9,24,13,1,164,164,164,150,152,0,Cutting,0,0,-0.013157894736842105,0
26,10,10,6,0,195,179,93,91,89,1,Finishing,1,1,0.02247191011235955,1
44,13,12,19,0,234,183,183,174,165,0,Sewing,0,0,0.05454545454545454,1
30,7,14,9,4,147,147,134,123,129,0,Finishing,0,0,-0.046511627906976744,0
47,17,22,8,5,365,365,113,104,114,1,Finishing,2,1,-0.08771929824561403,0
37,10,12,15,1,214,206,206,203,206,0,Sewing,0,0,-0.014563106796116505,0
54,19,24,11,4,389,389,163,148,163,1,Finishing,2,1,-0.09202453987730061,0
45,6,24,15,2,129,129,129,126,128,0,Cutting,0,0,-0.015625,0
37,11,19,7,0,239,239,123,116,121,1,Finishing,5,1,-0.04132231404958678,0
38,10,11,17,5,205,175,175,159,171,0,Sewing,0,0,-0.07017543859649122,0
49,19,20,10,3,355,327,175,165,159,1,Finishing,2,0,0.03773584905660377,1
49,14,28,7,4,261,261,102,92,99,1,Finishing,1,1,-0.0707070707070707,0
43,14,23,6,0,280,280,84,82,79,1,Finishing,3,0,0.0379746835443038,1
57,17,26,14,3,360,360,206,189,194,1,Finishing,2,1,-0.02577319587628866,0
46,11,23,12,1,230,230,180,174,161,0,Finishing,0,0,0.08074534161490683,1
57,18,20,19,3,331,331,306,282,295,0,Finishing,0,0,-0.04406779661016949,0
39,9,19,11,0,192,192,177,163,168,0,Finishing,0,0,-0.02976190476190476,0
40,13,13,14,2,267,219,219,213,210,0,Sewing,0,0,0.014285714285714285,1
54,12,26,16,2,234,234,234,224,236,0,Cutting,0,0,-0.05084745762711865,0
47,15,22,10,4,326,326,149,139,139,1,Finishing,3,1,0.0,1
47,18,18,11,2,361,299,197,179,182,1,Finishing,4,0,-0.016483516483516484,0
42,8,24,10,5,152,152,152,150,148,0,Cutting,0,0,0.013513513513513514,1
57,12,28,17,3,225,225,225,206,196,0,Cutting,0,0,0.05102040816326531,1
45,16,24,5,1,337,337,80,79,81,1,Finishing,3,0,-0.024691358024691357,0
49,10,27,12,1,201,201,177,171,186,0,Finishing,0,0,-0.08064516129032258,0
46,19,14,13,0,350,236,213,208,225,1,Finishing,5,1,-0.07555555555555556,0
43,16,21,6,5,347,347,88,82,75,1,Finishing,4,1,0.09333333333333334,1
49,17,17,15,0,357,309,259,237,250,0,Finishing,0,0,-0.052,0
44,18,13,13,4,366,230,205,199,184,1,Finishing,5,1,0.08152173913043478,1
34,5,24,5,0,97,97,80,72,76,0,Finishing,0,0,-0.05263157894736842,0
49,11,28,10,5,212,212,167,153,142,0,Finishing,0,0,0.07746478873239436,1
52,5,29,18,2,105,105,105,97,92,0,Cutting,0,0,0.05434782608695652,1
41,18,13,10,1,378,240,153,150,162,1,Finishing,4,0,-0.07407407407407407,0
53,12,29,12,4,241,241,187,182,201,0,Finishing,0,0,-0.0945273631840796,0
43,7,28,8,3,146,146,138,137,141,0,Finishing,0,0,-0.028368794326241134,0
38,10,17,11,1,217,217,179,170,166,0,Finishing,0,0,0.024096385542168676,1
52,19,17,16,2,412,293,268,265,254,1,Finishing,2,0,0.04330708661417323,1
44,16,18,10,2,335,335,177,167,181,1,Finishing,5,1,-0.07734806629834254,0
41,18,13,10,0,347,211,149,143,146,1,Finishing,5,0,-0.02054794520547945,0
56,14,29,13,4,285,285,203,200,184,1,Finishing,2,0,0.08695652173913043,1
47,6,26,15,2,118,118,118,112,113,0,Cutting,0,0,-0.008849557522123894,0
27,12,10,5,4,243,175,70,67,71,1,Finishing,4,0,-0.056338028169014086,0
44,5,29,10,5,91,91,91,87,95,0,Cutting,0,0,-0.08421052631578947,0
54,11,28,15,2,213,213,213,199,186,0,Cutting,0,0,0.06989247311827956,1
39,7,27,5,5,145,145,80,75,75,1,Finishing,3,0,0.0,1
30,8,10,12,4,146,146,146,144,143,0,Cutting,0,0,0.006993006993006993,1
43,5,27,11,4,98,98,98,90,89,0,Cutting,0,0,0.011235955056179775,1
45,12,24,9,2,258,258,151,148,134,1,Finishing,3,1,0.1044776119402985,1
46,8,29,9,5,150,150,150,135,147,0,Cutting,0,0,-0.08163265306122448,0
56,11,28,17,2,223,223,223,218,225,0,Cutting,0,0,-0.03111111111111111,0
32,14,11,7,3,298,180,119,111,103,1,Finishing,3,1,0.07766990291262135,1
47,14,21,12,0,300,300,210,205,208,1,Finishing,3,0,-0.014423076923076924,0
48,18,18,12,1,369,288,174,171,155,1,Finishing,2,0,0.1032258064516129,1
39,17,11,11,4,307,205,159,152,159,1,Finishing,1,0,-0.0440251572327044,0
42,13,15,14,3,244,225,203,200,186,0,Finishing,0,0,0.07526881720430108,1
39,12,11,16,4,247,172,172,162,165,1,Sewing,2,1,-0.01818181818181818,0
31,6,20,5,2,110,110,71,69,69,1,Finishing,4,0,0.0,1
43,15,16,12,2,326,265,213,194,194,0,Finishing,0,0,0.0,1
46,14,13,19,3,261,238,238,236,253,0,Sewing,0,0,-0.06719367588932806,0
33,13,11,9,0,237,197,143,138,139,1,Finishing,3,0,-0.007194244604316547,0
36,6,14,16,3,131,131,131,122,114,0,Cutting,0,0,0.07017543859649122,1
45,5,26,14,0,98,98,98,96,91,0,Cutting,0,0,0.054945054945054944,1
46,9,26,11,4,186,186,164,155,164,0,Finishing,0,0,-0.054878048780487805,0
49,14,18,17,1,254,254,254,233,229,0,Cutting,0,0,0.017467248908296942,1
48,14,16,18,4,292,252,252,237,223,0,Sewing,0,0,0.06278026905829596,1
59,19,29,11,2,366,366,155,148,156,1,Finishing,4,0,-0.05128205128205128,0
27,6,12,9,2,116,116,116,108,107,0,Cutting,0,0,0.009345794392523364,1
45,17,22,6,0,366,366,89,80,74,1,Finishing,3,0,0.08108108108108109,1
45,17,22,6,2,310,310,85,77,84,1,Finishing,4,0,-0.08333333333333333,0
52,12,21,19,0,252,252,252,245,258,0,Cutting,0,0,-0.050387596899224806,0
47,7,22,18,5,149,149,149,138,127,0,Cutting,0,0,0.08661417322834646,1
56,19,18,19,0,371,278,278,272,285,1,Sewing,4,1,-0.0456140350877193,0
46,11,23,12,2,237,237,203,184,187,0,Finishing,0,0,-0.016042780748663103,0
62,17,28,17,5,321,321,252,231,218,0,Finishing,0,0,0.05963302752293578,1
33,10,14,9,5,218,218,159,158,169,1,Finishing,2,0,-0.0650887573964497,0
51,6,27,18,0,111,111,111,102,101,0,Cutting,0,0,0.009900990099009901,1
44,13,13,18,4,238,238,238,217,201,0,Cutting,0,0,0.07960199004975124,1
40,13,11,16,1,276,193,193,175,178,1,Sewing,3,0,-0.016853932584269662,0
51,14,27,10,4,264,264,143,140,140,1,Finishing,5,0,0.0,1
38,14,12,12,1,282,221,203,193,179,0,Finishing,0,0,0.0782122905027933,1
41,16,10,15,2,298,163,163,161,174,1,Sewing,3,1,-0.07471264367816093,0
41,16,16,9,2,349,269,157,141,132,1,Finishing,5,1,0.06818181818181818,1
46,11,27,8,1,234,234,112,104,101,1,Finishing,1,0,0.0297029702970297,1
41,5,17,19,1,102,102,102,92,87,0,Cutting,0,0,0.05747126436781609,1
38,14,18,6,3,287,287,86,85,81,1,Finishing,2,1,0.04938271604938271,1
57,15,26,16,5,312,312,227,205,191,1,Finishing,5,1,0.07329842931937172,1
28,8,12,8,4,156,156,138,129,121,0,Finishing,0,0,0.06611570247933884,1
44,15,11,18,1,329,183,183,167,157,1,Sewing,5,0,0.06369426751592357,1
38,8,11,19,5,151,151,151,150,165,0,Cutting,0,0,-0.09090909090909091,0
50,17,24,9,2,371,371,141,131,135,1,Finishing,2,0,-0.02962962962962963,0
46,7,26,13,3,141,141,141,129,137,0,Cutting,0,0,-0.058394160583941604,0
53,17,17,19,2,363,306,306,279,307,0,Sewing,0,0,-0.09120521172638436,0
36,16,12,8,5,317,180,131,125,131,1,Finishing,1,1,-0.04580152671755725,0
36,13,11,12,2,285,171,171,165,168,1,Sewing,3,0,-0.017857142857142856,0
39,13,10,16,5,281,178,178,162,175,1,Sewing,4,1,-0.07428571428571429,0
36,5,19,12,1,96,96,96,89,98,0,Cutting,0,0,-0.09183673469387756,0
30,8,16,6,5,162,162,103,94,100,1,Finishing,1,1,-0.06,0
42,15,12,15,5,305,209,209,194,178,1,Sewing,2,1,0.0898876404494382,1
65,18,29,18,2,358,358,291,279,264,0,Finishing,0,0,0.056818181818181816,1
50,19,12,19,0,354,201,201,192,186,1,Sewing,1,0,0.03225806451612903,1
46,7,28,11,5,135,135,135,130,130,0,Cutting,0,0,0.0,1
27,6,15,6,2,113,113,107,103,109,0,Finishing,0,0,-0.05504587155963303,0
36,7,24,5,3,130,130,78,76,74,1,Finishing,4,1,0.02702702702702703,1
63,18,29,16,1,386,386,252,245,245,1,Finishing,2,0,0.0,1
29,6,13,10,1,131,131,131,122,122,0,Cutting,0,0,0.0,1
38,9,24,5,2,189,189,82,78,80,1,Finishing,2,0,-0.025,0
33,9,14,10,4,177,177,156,149,146,0,Finishing,0,0,0.02054794520547945,1
30,8,11,11,5,164,164,164,161,178,0,Cutting,0,0,-0.09550561797752809,0
38,5,17,16,3,109,109,109,98,104,0,Cutting,0,0,-0.057692307692307696,0
49,14,19,16,5,260,260,260,258,271,0,Cutting,0,0,-0.04797047970479705,0
55,10,29,16,0,204,204,204,199,191,0,Cutting,0,0,0.041884816753926704,1
55,12,24,19,5,225,225,225,203,201,0,Cutting,0,0,0.009950248756218905,1
29,8,10,11,2,158,158,158,150,165,0,Cutting,0,0,-0.09090909090909091,0
52,14,29,9,1,306,306,160,154,143,1,Finishing,3,1,0.07692307692307693,1
42,11,21,10,3,203,203,145,144,137,1,Finishing,2,0,0.051094890510948905,1
39,5,17,17,5,107,107,107,105,96,0,Cutting,0,0,0.09375,1
47,14,27,6,0,298,298,102,92,86,1,Finishing,4,0,0.06976744186046512,1
52,5,28,19,5,97,97,97,93,84,0,Cutting,0,0,0.10714285714285714,1
33,10,18,5,0,219,219,71,65,70,1,Finishing,2,0,-0.07142857142857142,0
41,10,23,8,5,197,197,140,130,121,1,Finishing,1,1,0.0743801652892562,1
47,18,16,13,4,347,263,202,195,199,0,Finishing,0,0,-0.020100502512562814,0
28,13,10,5,0,257,150,81,74,71,1,Finishing,2,1,0.04225352112676056,1
34,13,12,9,1,283,220,158,155,168,1,Finishing,5,1,-0.07738095238095238,0
49,9,24,16,3,183,183,183,177,162,0,Cutting,0,0,0.09259259259259259,1
48,17,20,11,4,367,319,194,175,161,1,Finishing,3,1,0.08695652173913043,1
40,18,13,9,3,372,243,145,138,150,1,Finishing,2,1,-0.08,0
35,5,22,8,1,92,92,92,84,83,0,Cutting,0,0,0.012048192771084338,1
51,11,26,14,4,209,209,209,204,201,0,Cutting,0,0,0.014925373134328358,1
48,12,22,14,2,216,216,216,207,195,0,Cutting,0,0,0.06153846153846154,1
50,19,19,12,1,369,353,204,194,203,1,Finishing,4,1,-0.04433497536945813,0
48,12,28,8,3,248,248,136,124,125,1,Finishing,5,0,-0.008,0
33,5,12,16,1,99,99,99,92,97,0,Cutting,0,0,-0.05154639175257732,0
45,11,20,14,0,215,215,215,214,230,0,Cutting,0,0,-0.06956521739130435,0
43,9,27,7,1,177,177,117,116,125,1,Finishing,3,1,-0.072,0
43,14,15,14,4,256,230,230,211,218,0,Sewing,0,0,-0.03211009174311927,0
43,15,15,13,3,296,274,216,195,189,0,Finishing,0,0,0.031746031746031744,1
39,12,15,12,1,248,238,189,173,190,0,Finishing,0,0,-0.08947368421052632,0
37,16,11,10,0,351,184,153,146,159,1,Finishing,5,0,-0.08176100628930817,0
54,17,24,13,1,312,312,221,206,199,1,Finishing,4,0,0.035175879396984924,1
51,18,22,11,3,394,331,186,181,190,1,Finishing,5,1,-0.04736842105263158,0
49,10,27,12,0,204,204,175,158,171,0,Finishing,0,0,-0.07602339181286549,0
55,11,27,17,1,214,214,214,203,190,0,Cutting,0,0,0.06842105263157895,1
37,18,13,6,5,390,220,107,105,111,1,Finishing,1,1,-0.05405405405405406,0
54,10,27,17,2,206,206,206,188,199,0,Cutting,0,0,-0.05527638190954774,0
55,18,18,19,4,325,281,281,279,274,0,Sewing,0,0,0.01824817518248175,1
38,14,11,13,4,300,205,205,196,186,1,Sewing,5,1,0.053763440860215055,1
32,7,12,13,5,130,130,130,117,126,0,Cutting,0,0,-0.07142857142857142,0
46,8,22,16,3,174,174,174,165,167,0,Cutting,0,0,-0.011976047904191617,0
48,16,15,17,2,327,264,248,224,212,0,Finishing,0,0,0.05660377358490566,1
43,14,11,18,2,294,192,192,181,193,1,Sewing,5,0,-0.06217616580310881,0
46,16,23,7,3,327,327,104,96,101,1,Finishing,5,1,-0.04950495049504951,0
34,8,15,11,1,148,148,148,136,139,0,Cutting,0,0,-0.02158273381294964,0
50,16,23,11,4,312,312,164,149,151,1,Finishing,5,1,-0.013245033112582781,0
36,11,16,9,0,212,212,148,136,148,1,Finishing,4,0,-0.08108108108108109,0
49,7,26,16,2,138,138,138,130,139,0,Cutting,0,0,-0.06474820143884892,0
49,8,25,16,1,159,159,159,150,141,0,Cutting,0,0,0.06382978723404255,1
56,17,26,13,0,350,350,224,203,212,1,Finishing,2,1,-0.04245283018867924,0
42,16,17,9,3,328,299,158,152,148,1,Finishing,4,0,0.02702702702702703,1
41,12,22,7,4,251,251,117,105,114,1,Finishing,3,0,-0.07894736842105263,0
57,17,28,12,2,306,306,203,189,197,1,Finishing,3,1,-0.04060913705583756,0
58,19,28,11,2,356,356,158,152,144,1,Finishing,2,1,0.05555555555555555,1
60,19,25,16,0,364,364,263,246,261,1,Finishing,1,1,-0.05747126436781609,0
49,18,13,18,0,370,222,222,221,208,1,Sewing,4,0,0.0625,1
33,12,11,10,4,243,197,172,166,179,0,Finishing,0,0,-0.07262569832402235,0
57,19,26,12,1,359,359,188,177,173,1,Finishing,4,1,0.023121387283236993,1
36,8,21,7,5,144,144,116,108,100,0,Finishing,0,0,0.08,1
53,16,18,19,1,328,285,285,277,273,0,Sewing,0,0,0.014652014652014652,1
47,11,21,15,5,231,231,231,224,243,0,Cutting,0,0,-0.07818930041152264,0
41,9,24,8,2,196,196,116,108,109,1,Finishing,5,0,-0.009174311926605505,0
36,5,12,19,5,101,101,101,97,92,0,Cutting,0,0,0.05434782608695652,1
50,19,17,14,1,342,271,236,235,255,0,Finishing,0,0,-0.0784313725490196,0
40,14,11,15,0,283,197,197,181,186,1,Sewing,5,0,-0.026881720430107527,0
31,8,13,10,1,168,168,168,154,141,0,Cutting,0,0,0.09219858156028368,1
57,13,29,15,2,277,277,240,218,223,0,Finishing,0,0,-0.02242152466367713,0
51,8,29,14,5,162,162,162,157,174,0,Cutting,0,0,-0.09770114942528736,0
41,10,23,8,3,211,211,130,123,119,1,Finishing,5,1,0.03361344537815126,1
51,14,29,8,5,279,279,131,118,122,1,Finishing,3,1,-0.03278688524590164,0
50,12,22,16,5,263,263,263,250,256,0,Cutting,0,0,-0.0234375,0
55,18,26,11,0,330,330,180,175,159,1,Finishing,4,1,0.10062893081761007,1
32,17,10,5,5,349,181,72,67,62,1,Finishing,3,0,0.08064516129032258,1
47,13,25,9,0,263,263,131,127,124,1,Finishing,5,1,0.024193548387096774,1
34,5,22,7,4,91,91,91,85,85,0,Cutting,0,0,0.0,1
43,8,26,9,1,173,173,148,133,123,0,Finishing,0,0,0.08130081300813008,1
29,7,10,12,0,126,126,126,115,117,0,Cutting,0,0,-0.017094017094017096,0
30,8,13,9,5,153,153,127,117,122,0,Finishing,0,0,-0.040983606557377046,0
47,18,19,10,1,384,305,146,143,157,1,Finishing,2,1,-0.08917197452229299,0
34,15,13,6,0,316,199,89,86,85,1,Finishing,5,1,0.011764705882352941,1
47,14,21,12,5,292,292,180,173,184,1,Finishing,1,0,-0.059782608695652176,0
41,7,21,13,4,129,129,129,119,111,0,Cutting,0,0,0.07207207207207207,1
26,11,10,5,4,208,166,80,78,77,1,Finishing,2,1,0.012987012987012988,1
39,18,15,6,0,354,233,99,91,98,1,Finishing,3,0,-0.07142857142857142,0
44,11,21,12,5,233,233,170,166,176,1,Finishing,5,1,-0.056818181818181816,0
45,14,13,18,3,281,205,205,202,188,1,Sewing,3,0,0.07446808510638298,1
44,13,17,14,3,274,256,199,188,173,0,Finishing,0,0,0.08670520231213873,1
32,5,19,8,2,92,92,92,86,81,0,Cutting,0,0,0.06172839506172839,1
39,7,20,12,3,140,140,140,134,130,0,Cutting,0,0,0.03076923076923077,1
48,11,18,19,5,221,221,221,216,224,0,Cutting,0,0,-0.03571428571428571,0
36,7,22,7,2,133,133,101,92,98,0,Finishing,0,0,-0.061224489795918366,0
49,9,25,15,4,177,177,177,174,164,0,Cutting,0,0,0.06097560975609756,1
48,18,25,5,4,394,394,82,75,69,1,Finishing,3,0,0.08695652173913043,1
42,15,14,13,2,301,250,228,207,197,0,Finishing,0,0,0.050761421319796954,1
43,17,18,8,5,342,321,122,115,108,1,Finishing,4,0,0.06481481481481481,1
30,9,11,10,2,193,188,149,135,147,0,Finishing,0,0,-0.08163265306122448,0
25,5,12,8,1,96,96,96,92,89,0,Cutting,0,0,0.033707865168539325,1
45,10,26,9,3,198,198,148,135,130,1,Finishing,2,0,0.038461538461538464,1
47,12,24,11,5,257,257,190,176,171,1,Finishing,4,1,0.029239766081871343,1
47,13,24,10,4,235,235,166,164,152,1,Finishing,1,0,0.07894736842105263,1
57,16,22,19,1,329,329,266,243,248,0,Finishing,0,0,-0.020161290322580645,0
51,18,15,18,3,351,232,232,227,227,1,Sewing,1,0,0.0,1
49,12,23,14,5,229,229,212,210,199,0,Finishing,0,0,0.05527638190954774,1
59,13,29,17,5,271,271,271,251,233,0,Cutting,0,0,0.07725321888412018,1
42,18,15,9,4,328,240,127,121,126,1,Finishing,3,0,-0.03968253968253968,0
40,7,18,15,5,146,146,146,143,138,0,Cutting,0,0,0.036231884057971016,1
48,18,18,12,4,384,290,188,174,164,1,Finishing,5,0,0.06097560975609756,1
31,9,14,8,4,183,183,115,113,109,1,Finishing,1,1,0.03669724770642202,1
34,12,10,12,4,249,153,153,144,155,1,Sewing,3,1,-0.07096774193548387,0
34,8,17,9,2,158,158,149,144,155,0,Finishing,0,0,-0.07096774193548387,0
46,8,21,17,2,164,164,164,159,158,0,Cutting,0,0,0.006329113924050633,1
36,11,15,10,5,209,209,158,142,153,0,Finishing,0,0,-0.0718954248366013,0
40,16,19,5,0,309,309,73,70,73,1,Finishing,1,0,-0.0410958904109589,0
37,17,15,5,5,309,274,86,79,79,1,Finishing,5,0,0.0,1
52,18,19,15,5,391,315,215,206,223,1,Finishing,3,0,-0.07623318385650224,0
40,11,18,11,4,227,227,173,171,183,0,Finishing,0,0,-0.06557377049180328,0
40,12,21,7,3,258,258,105,101,105,1,Finishing,2,0,-0.0380952380952381,0
42,16,14,12,0,328,212,180,163,159,1,Finishing,2,1,0.025157232704402517,1
37,6,13,18,0,118,118,118,111,105,0,Cutting,0,0,0.05714285714285714,1
40,5,21,14,2,97,97,97,93,95,0,Cutting,0,0,-0.021052631578947368,0
51,15,22,14,5,308,308,230,227,217,1,Finishing,3,0,0.04608294930875576,1
28,6,15,7,5,111,111,109,101,101,0,Finishing,0,0,0.0,1
55,17,24,14,4,314,314,215,209,202,1,Finishing,4,0,0.034653465346534656,1
36,10,20,6,3,206,206,91,89,89,1,Finishing,2,1,0.0,1
35,7,12,16,3,151,151,151,144,147,0,Cutting,0,0,-0.02040816326530612,0
42,13,13,16,0,261,221,221,213,234,0,Sewing,0,0,-0.08974358974358974,0
34,5,10,19,3,96,96,96,86,88,0,Cutting,0,0,-0.022727272727272728,0
40,15,20,5,0,310,310,77,70,63,1,Finishing,1,0,0.1111111111111111,1
51,8,26,17,1,159,159,159,158,161,0,Cutting,0,0,-0.018633540372670808,0
48,15,23,10,2,293,293,140,136,137,1,Finishing,2,0,-0.0072992700729927005,0
42,14,14,14,3,269,259,229,225,205,0,Finishing,0,0,0.0975609756097561,1
59,17,24,18,3,308,308,307,306,307,0,Finishing,0,0,-0.003257328990228013,0
45,17,11,17,5,322,201,201,197,189,1,Sewing,2,0,0.042328042328042326,1
51,9,23,19,3,170,170,170,155,152,0,Cutting,0,0,0.019736842105263157,1
46,17,12,17,1,339,199,199,196,191,1,Sewing,1,1,0.02617801047120419,1
51,14,28,9,4,260,260,151,149,160,1,Finishing,3,0,-0.06875,0
36,6,20,10,4,119,119,119,113,123,0,Cutting,0,0,-0.08130081300813008,0
54,12,29,13,5,217,217,217,206,224,0,Cutting,0,0,-0.08035714285714286,0
42,8,15,19,1,159,159,159,150,146,0,Cutting,0,0,0.0273972602739726,1
47,13,28,6,0,279,279,93,91,86,1,Finishing,4,0,0.05813953488372093,1
48,17,12,19,0,310,180,180,167,176,1,Sewing,3,0,-0.05113636363636364,0
50,9,22,19,5,169,169,169,167,184,0,Cutting,0,0,-0.09239130434782608,0
40,7,19,14,5,144,144,144,140,139,0,Cutting,0,0,0.007194244604316547,1
49,18,24,7,2,338,338,100,90,99,1,Finishing,4,0,-0.09090909090909091,0
38,9,10,19,4,162,162,162,158,146,0,Cutting,0,0,0.0821917808219178,1
37,7,11,19,0,146,146,146,131,136,0,Cutting,0,0,-0.03676470588235294,0
42,12,12,18,3,243,213,213,193,179,0,Sewing,0,0,0.0782122905027933,1
28,6,17,5,1,127,127,71,64,65,1,Finishing,4,1,-0.015384615384615385,0
35,11,12,12,5,204,192,169,161,150,0,Finishing,0,0,0.07333333333333333,1
41,5,18,18,4,90,90,90,87,92,0,Cutting,0,0,-0.05434782608695652,0
44,11,19,14,3,225,225,225,207,198,0,Cutting,0,0,0.045454545454545456,1
42,8,24,10,5,160,160,160,148,148,0,Cutting,0,0,0.0,1
35,18,11,6,1,375,176,93,84,89,1,Finishing,5,1,-0.056179775280898875,0
26,6,15,5,1,119,119,88,79,72,1,Finishing,1,0,0.09722222222222222,1
56,15,28,13,2,321,321,229,227,230,1,Finishing,4,0,-0.013043478260869565,0
49,9,26,14,1,182,182,182,176,189,0,Cutting,0,0,-0.06878306878306878,0
46,9,20,17,4,196,196,196,190,197,0,Cutting,0,0,-0.03553299492385787,0
45,9,29,7,2,185,185,108,107,106,1,Finishing,1,0,0.009433962264150943,1
50,19,25,6,5,400,375,104,95,94,1,Finishing,4,0,0.010638297872340425,1
44,6,25,13,0,128,128,128,125,118,0,Cutting,0,0,0.059322033898305086,1
41,17,11,13,3,356,178,178,167,160,1,Sewing,1,1,0.04375,1
36,9,20,7,4,164,164,112,103,96,1,Finishing,5,0,0.07291666666666667,1
31,10,11,10,0,184,183,159,149,148,0,Finishing,0,0,0.006756756756756757,1
51,10,29,12,4,198,198,192,185,192,0,Finishing,0,0,-0.036458333333333336,0
60,16,25,19,0,321,321,275,247,234,0,Finishing,0,0,0.05555555555555555,1
42,18,18,6,4,343,271,91,88,87,1,Finishing,4,0,0.011494252873563218,1
54,18,21,15,4,370,370,260,234,216,1,Finishing,1,0,0.08333333333333333,1
47,13,17,17,5,241,241,241,239,234,0,Cutting,0,0,0.021367521367521368,1
57,17,24,16,3,309,309,284,277,252,0,Finishing,0,0,0.0992063492063492,1
45,6,20,19,3,126,126,126,121,112,0,Cutting,0,0,0.08035714285714286,1
47,13,19,15,4,248,248,241,238,255,0,Finishing,0,0,-0.06666666666666667,0
40,15,20,5,0,326,326,84,80,87,1,Finishing,2,1,-0.08045977011494253,0
41,5,27,9,3,102,102,102,101,100,0,Cutting,0,0,0.01,1
51,19,23,9,5,362,362,142,135,136,1,Finishing,3,1,-0.007352941176470588,0
43,10,17,16,4,181,181,181,177,165,0,Cutting,0,0,0.07272727272727272,1
47,16,21,10,0,300,300,179,173,157,1,Finishing,1,1,0.10191082802547771,1
42,15,14,13,1,305,214,214,213,227,1,Sewing,3,0,-0.06167400881057269,0
31,15,11,5,2,293,206,89,83,77,1,Finishing,4,0,0.07792207792207792,1
43,18,10,15,0,335,172,172,163,180,1,Sewing,2,1,-0.09444444444444444,0
47,9,19,19,2,163,163,163,155,145,0,Cutting,0,0,0.06896551724137931,1
39,10,14,15,0,196,196,196,194,208,0,Cutting,0,0,-0.0673076923076923,0
29,11,11,7,0,199,198,108,101,96,1,Finishing,3,0,0.052083333333333336,1
36,5,16,15,1,97,97,97,92,94,0,Cutting,0,0,-0.02127659574468085,0
24,8,10,6,0,150,150,86,81,85,1,Finishing,1,0,-0.047058823529411764,0
29,14,10,5,5,300,161,89,85,86,1,Finishing,3,0,-0.011627906976744186,0
42,7,21,14,2,133,133,133,132,122,0,Cutting,0,0,0.08196721311475409,1
40,9,23,8,1,193,193,118,109,113,1,Finishing,4,1,-0.035398230088495575,0
40,13,13,14,2,260,216,216,212,219,0,Sewing,0,0,-0.0319634703196347,0
33,6,19,8,2,120,120,113,104,95,0,Finishing,0,0,0.09473684210526316,1
50,19,18,13,4,373,307,184,183,193,1,Finishing,5,0,-0.05181347150259067,0
27,8,12,7,5,167,167,104,100,95,1,Finishing,5,0,0.05263157894736842,1
56,11,27,18,5,233,233,233,212,219,0,Cutting,0,0,-0.0319634703196347,0
43,19,13,11,5,371,225,183,166,164,1,Finishing,2,1,0.012195121951219513,1
45,15,11,19,5,305,206,206,190,186,1,Sewing,4,0,0.021505376344086023,1
37,13,14,10,0,260,238,154,152,142,1,Finishing,3,1,0.07042253521126761,1
40,5,24,11,1,104,104,104,101,107,0,Cutting,0,0,-0.056074766355140186,0
42,17,15,10,3,372,276,168,163,161,1,Finishing,1,0,0.012422360248447204,1
39,7,24,8,3,136,136,136,122,117,0,Cutting,0,0,0.042735042735042736,1
46,18,11,17,3,364,187,187,178,176,1,Sewing,5,0,0.011363636363636364,1
44,9,25,10,4,196,196,178,164,152,0,Finishing,0,0,0.07894736842105263,1
61,13,29,19,3,266,266,266,252,275,0,Cutting,0,0,-0.08363636363636363,0
36,18,12,6,2,369,191,87,79,87,1,Finishing,5,0,-0.09195402298850575,0
35,9,21,5,5,174,174,78,70,66,1,Finishing,2,1,0.06060606060606061,1
51,13,28,10,4,237,237,155,154,145,1,Finishing,3,1,0.06206896551724138,1
56,10,29,17,1,217,217,217,205,187,0,Cutting,0,0,0.0962566844919786,1
35,6,15,14,4,131,131,131,125,132,0,Cutting,0,0,-0.05303030303030303,0
37,5,21,11,2,102,102,102,98,97,0,Cutting,0,0,0.010309278350515464,1
41,10,20,11,2,183,183,167,151,148,0,Finishing,0,0,0.02027027027027027,1
39,8,12,19,1,152,152,152,140,135,0,Cutting,0,0,0.037037037037037035,1
40,5,25,10,0,100,100,100,91,98,0,Cutting,0,0,-0.07142857142857142,0
41,13,19,9,2,272,272,133,127,122,1,Finishing,1,0,0.040983606557377046,1
31,16,10,5,4,325,160,79,78,79,1,Finishing,5,1,-0.012658227848101266,0
39,14,15,10,0,279,269,153,151,164,1,Finishing,1,1,-0.07926829268292683,0
51,19,24,8,4,380,380,143,131,129,1,Finishing,1,1,0.015503875968992248,1
52,6,29,17,0,127,127,127,114,117,0,Cutting,0,0,-0.02564102564102564,0
47,18,14,15,1,328,235,235,225,217,1,Sewing,2,1,0.03686635944700461,1
36,11,19,6,5,214,214,90,88,89,1,Finishing,1,0,-0.011235955056179775,0
47,12,23,12,2,252,252,177,173,178,1,Finishing,4,1,-0.028089887640449437,0
32,5,14,13,1,105,105,105,97,93,0,Cutting,0,0,0.043010752688172046,1
39,14,17,8,1,288,288,114,112,116,1,Finishing,3,1,-0.034482758620689655,0
43,13,22,8,5,260,260,127,126,136,1,Finishing,3,1,-0.07352941176470588,0
50,10,27,13,0,216,216,208,203,186,0,Finishing,0,0,0.0913978494623656,1
29,6,16,7,4,127,127,120,108,99,0,Finishing,0,0,0.09090909090909091,1
45,15,19,11,0,291,291,190,185,192,1,Finishing,5,1,-0.036458333333333336,0
42,18,19,5,1,343,302,76,75,81,1,Finishing,5,0,-0.07407407407407407,0
39,11,18,10,4,227,227,174,169,171,0,Finishing,0,0,-0.011695906432748537,0
45,10,18,17,4,196,196,196,185,187,0,Cutting,0,0,-0.0106951871657754,0
37,11,17,9,1,221,221,136,129,133,1,Finishing,3,1,-0.03007518796992481,0
60,14,28,18,1,271,271,268,255,249,0,Finishing,0,0,0.024096385542168676,1
45,18,16,11,5,343,261,186,178,162,1,Finishing,1,0,0.09876543209876543,1
22,5,10,7,2,103,103,102,96,97,0,Finishing,0,0,-0.010309278350515464,0
26,10,10,6,4,201,154,98,89,91,1,Finishing,2,0,-0.02197802197802198,0
42,11,22,9,1,237,237,144,135,149,1,Finishing,1,0,-0.09395973154362416,0
44,13,12,19,4,266,213,213,191,182,0,Sewing,0,0,0.04945054945054945,1
39,12,10,17,0,257,158,158,146,145,1,Sewing,5,0,0.006896551724137931,1
31,7,11,13,4,139,139,139,134,148,0,Cutting,0,0,-0.0945945945945946,0
33,6,17,10,5,117,117,117,106,102,0,Cutting,0,0,0.0392156862745098,1
50,17,27,6,4,360,360,107,102,105,1,Finishing,3,0,-0.02857142857142857,0
45,10,23,12,2,208,208,185,167,172,0,Finishing,0,0,-0.029069767441860465,0
41,15,20,6,5,320,320,99,90,97,1,Finishing,1,1,-0.07216494845360824,0
44,12,18,14,1,253,253,240,228,245,0,Finishing,0,0,-0.06938775510204082,0
53,9,28,16,4,175,175,175,164,176,0,Cutting,0,0,-0.06818181818181818,0
32,11,12,9,1,237,207,148,135,135,1,Finishing,5,0,0.0,1
47,10,25,12,2,187,187,187,184,176,0,Cutting,0,0,0.045454545454545456,1
44,15,24,5,1,311,311,86,83,78,1,Finishing,1,0,0.0641025641025641,1
29,7,15,7,5,132,132,121,114,119,0,Finishing,0,0,-0.04201680672268908,0
39,15,13,11,5,273,235,190,179,163,0,Finishing,0,0,0.09815950920245399,1
55,12,29,14,4,251,251,208,196,205,0,Finishing,0,0,-0.04390243902439024,0
48,17,12,19,4,348,221,221,208,221,1,Sewing,5,0,-0.058823529411764705,0
44,12,22,10,1,256,256,163,147,159,1,Finishing,4,1,-0.07547169811320754,0
41,15,19,7,4,297,297,106,98,89,1,Finishing,3,0,0.10112359550561797,1
47,9,28,10,2,162,162,152,137,151,0,Finishing,0,0,-0.09271523178807947,0
44,12,27,5,3,217,217,82,78,76,1,Finishing,5,0,0.02631578947368421,1
55,14,28,13,3,307,307,204,198,202,1,Finishing,4,1,-0.019801980198019802,0
45,7,20,18,1,135,135,135,134,122,0,Cutting,0,0,0.09836065573770492,1
48,8,26,14,3,174,174,174,171,175,0,Cutting,0,0,-0.022857142857142857,0
49,10,27,12,2,186,186,186,180,174,0,Cutting,0,0,0.034482758620689655,1
47,14,28,5,3,275,275,70,67,67,1,Finishing,2,1,0.0,1
36,6,25,5,2,124,124,86,85,84,1,Finishing,2,1,0.011904761904761904,1
45,17,22,6,4,362,362,85,82,89,1,Finishing,3,1,-0.07865168539325842,0
42,8,17,17,1,146,146,146,144,139,0,Cutting,0,0,0.03597122302158273,1
53,11,25,17,2,236,236,236,219,206,0,Cutting,0,0,0.06310679611650485,1
43,7,28,8,4,151,151,143,135,126,0,Finishing,0,0,0.07142857142857142,1
49,18,23,8,3,328,328,138,135,124,1,Finishing,3,1,0.08870967741935484,1
32,15,11,6,3,280,185,85,84,91,1,Finishing,5,1,-0.07692307692307693,0
39,7,14,18,0,153,153,153,149,154,0,Cutting,0,0,-0.032467532467532464,0
42,12,19,11,3,233,233,156,143,134,1,Finishing,2,1,0.06716417910447761,1
40,10,11,19,2,202,200,200,191,190,0,Sewing,0,0,0.005263157894736842,1
46,18,12,16,3,359,183,183,170,159,1,Sewing,2,0,0.06918238993710692,1
36,12,11,13,5,250,190,190,185,172,0,Sewing,0,0,0.0755813953488372,1
62,19,24,19,4,417,417,294,270,270,1,Finishing,1,0,0.0,1
47,16,21,10,2,330,324,171,156,150,1,Finishing,3,0,0.04,1
52,18,17,17,4,392,266,266,254,254,1,Sewing,4,1,0.0,1
41,11,17,13,4,227,227,211,193,201,0,Finishing,0,0,-0.03980099502487562,0
45,16,12,17,5,340,193,193,192,189,1,Sewing,1,1,0.015873015873015872,1
44,18,12,14,2,388,196,196,187,193,1,Sewing,4,0,-0.031088082901554404,0
56,19,18,19,5,381,307,307,299,291,0,Sewing,0,0,0.027491408934707903,1
46,14,27,5,3,273,273,75,71,75,1,Finishing,2,1,-0.05333333333333334,0
39,6,22,11,5,122,122,122,116,128,0,Cutting,0,0,-0.09375,0
52,16,25,11,1,336,336,184,182,186,1,Finishing,2,0,-0.021505376344086023,0
51,15,25,11,0,300,300,194,184,183,1,Finishing,4,1,0.00546448087431694,1
47,5,29,13,5,109,109,109,100,103,0,Cutting,0,0,-0.02912621359223301,0
43,16,10,17,5,346,157,157,152,148,1,Sewing,2,1,0.02702702702702703,1
38,7,20,11,2,144,144,144,141,132,0,Cutting,0,0,0.06818181818181818,1
37,12,15,10,1,231,231,157,142,148,1,Finishing,3,0,-0.04054054054054054,0
47,12,26,9,2,230,230,148,142,137,1,Finishing,4,1,0.0364963503649635,1
31,10,14,7,3,209,209,105,104,115,1,Finishing,1,0,-0.09565217391304348,0
38,8,23,7,1,152,152,106,104,113,1,Finishing,1,0,-0.07964601769911504,0
45,16,17,12,1,347,259,172,157,154,1,Finishing,5,0,0.01948051948051948,1
37,19,11,7,1,342,167,123,118,123,1,Finishing,3,0,-0.04065040650406504,0
33,12,14,7,1,261,253,110,108,113,1,Finishing,2,0,-0.04424778761061947,0
54,19,27,8,3,411,411,134,124,132,1,Finishing,3,1,-0.06060606060606061,0
43,9,29,5,3,166,166,80,74,74,1,Finishing,2,1,0.0,1
50,8,24,18,0,149,149,149,147,151,0,Cutting,0,0,-0.026490066225165563,0
47,19,13,15,1,350,240,240,232,236,1,Sewing,2,0,-0.01694915254237288,0
46,8,26,12,2,169,169,169,159,172,0,Cutting,0,0,-0.0755813953488372,0
49,17,15,17,4,310,260,260,234,226,0,Sewing,0,0,0.035398230088495575,1
53,16,21,16,1,338,338,259,239,242,0,Finishing,0,0,-0.012396694214876033,0
47,18,18,11,1,355,295,156,141,135,1,Finishing,5,0,0.044444444444444446,1
28,5,10,13,1,97,97,97,91,93,0,Cutting,0,0,-0.021505376344086023,0
41,12,24,5,0,242,242,86,80,73,1,Finishing,3,1,0.0958904109589041,1
54,18,24,12,4,365,365,205,190,201,1,Finishing,4,1,-0.05472636815920398,0
46,9,26,11,0,183,183,167,154,149,0,Finishing,0,0,0.03355704697986577,1
41,6,27,8,0,130,130,119,109,108,0,Finishing,0,0,0.009259259259259259,1
58,19,20,19,3,394,351,283,273,250,0,Finishing,0,0,0.092,1
45,16,17,12,4,316,316,214,202,192,1,Finishing,2,1,0.052083333333333336,1
51,18,14,19,5,337,218,218,197,200,1,Sewing,4,1,-0.015,0
47,17,11,19,2,321,187,187,186,197,1,Sewing,4,0,-0.05583756345177665,0
47,11,19,17,0,210,210,210,189,178,0,Cutting,0,0,0.06179775280898876,1
37,11,11,15,5,204,201,201,197,199,0,Sewing,0,0,-0.010050251256281407,0
37,8,15,14,1,151,151,151,149,157,0,Cutting,0,0,-0.050955414012738856,0
38,12,12,14,2,250,213,213,196,208,0,Sewing,0,0,-0.057692307692307696,0
32,10,15,7,5,185,185,115,108,102,1,Finishing,1,1,0.058823529411764705,1
44,16,23,5,1,295,295,73,70,74,1,Finishing,4,1,-0.05405405405405406,0
39,11,11,17,0,233,196,196,183,172,0,Sewing,0,0,0.06395348837209303,1
43,13,23,7,3,251,251,104,102,93,1,Finishing,1,1,0.0967741935483871,1
45,18,11,16,0,354,167,167,159,162,1,Sewing,5,0,-0.018518518518518517,0
49,14,25,10,0,296,296,141,135,137,1,Finishing,2,1,-0.014598540145985401,0
58,15,24,19,5,281,281,281,257,272,0,Cutting,0,0,-0.05514705882352941,0
27,5,13,9,4,91,91,91,87,90,0,Cutting,0,0,-0.03333333333333333,0
54,11,25,18,1,227,227,227,220,220,0,Cutting,0,0,0.0,1
50,19,23,8,2,358,358,121,119,117,1,Finishing,1,1,0.017094017094017096,1
38,19,13,6,5,351,203,103,98,101,1,Finishing,2,0,-0.0297029702970297,0
38,15,13,10,3,323,210,149,140,147,1,Finishing,1,1,-0.047619047619047616,0
32,13,13,6,1,236,229,96,87,95,1,Finishing,4,1,-0.08421052631578947,0
49,17,19,13,1,340,293,190,177,168,1,Finishing,5,0,0.05357142857142857,1
66,19,28,19,4,400,400,299,287,277,1,Finishing,5,0,0.036101083032490974,1
40,15,10,15,4,316,150,150,135,125,1,Sewing,4,1,0.08,1
45,5,24,16,4,105,105,105,95,102,0,Cutting,0,0,-0.06862745098039216,0
54,12,27,15,2,256,256,250,239,234,0,Finishing,0,0,0.021367521367521368,1
45,6,29,10,3,126,126,126,116,113,0,Cutting,0,0,0.02654867256637168,1
51,13,19,19,4,267,267,267,259,280,0,Cutting,0,0,-0.075,0
33,6,11,16,0,119,119,119,110,121,0,Cutting,0,0,-0.09090909090909091,0
32,16,11,5,2,323,172,75,72,65,1,Finishing,5,0,0.1076923076923077,1
46,16,14,16,3,324,238,228,207,202,1,Finishing,2,1,0.024752475247524754,1
45,14,21,10,5,292,292,161,156,144,1,Finishing,1,1,0.08333333333333333,1
35,5,22,8,3,108,108,108,100,105,0,Cutting,0,0,-0.047619047619047616,0
32,8,17,7,5,158,158,117,115,107,1,Finishing,5,0,0.07476635514018691,1
58,18,24,16,0,383,383,265,241,245,1,Finishing,3,1,-0.0163265306122449,0
44,19,20,5,4,396,328,75,67,66,1,Finishing,5,0,0.015151515151515152,1
29,8,12,9,0,161,161,139,134,122,0,Finishing,0,0,0.09836065573770492,1
43,15,17,11,0,288,261,161,160,161,1,Finishing,5,1,-0.006211180124223602,0
46,14,25,7,3,284,284,107,99,100,1,Finishing,5,1,-0.01,0
44,10,17,17,2,194,194,194,176,173,0,Cutting,0,0,0.017341040462427744,1
37,8,18,11,3,157,157,157,153,147,0,Cutting,0,0,0.04081632653061224,1
61,13,29,19,4,275,275,275,262,260,0,Cutting,0,0,0.007692307692307693,1
44,7,20,17,3,147,147,147,146,146,0,Cutting,0,0,0.0,1
49,11,23,15,1,211,211,211,195,199,0,Cutting,0,0,-0.020100502512562814,0
28,8,15,5,1,148,148,80,73,67,1,Finishing,3,0,0.08955223880597014,1
43,17,13,13,3,353,223,200,198,218,1,Finishing,1,0,-0.09174311926605505,0
52,13,29,10,3,254,254,158,148,136,1,Finishing,5,0,0.08823529411764706,1
45,6,20,19,0,117,117,117,111,119,0,Cutting,0,0,-0.06722689075630252,0
51,18,26,7,5,349,349,101,99,100,1,Finishing,2,0,-0.01,0
62,19,29,14,5,376,376,236,215,228,1,Finishing,2,1,-0.05701754385964912,0
46,13,16,17,1,254,254,246,231,247,0,Finishing,0,0,-0.06477732793522267,0
33,5,13,15,5,91,91,91,89,87,0,Cutting,0,0,0.022988505747126436,1
53,17,28,8,1,342,342,130,118,126,1,Finishing,5,1,-0.06349206349206349,0
46,7,24,15,2,136,136,136,126,126,0,Cutting,0,0,0.0,1
44,13,13,18,5,250,236,236,220,228,0,Sewing,0,0,-0.03508771929824561,0
52,19,16,17,0,366,303,260,244,239,0,Finishing,0,0,0.02092050209205021,1
49,12,28,9,1,243,243,150,142,133,1,Finishing,3,0,0.06766917293233082,1
45,13,21,11,4,248,248,173,166,170,1,Finishing,2,0,-0.023529411764705882,0
37,11,20,6,3,231,231,104,95,96,1,Finishing,3,1,-0.010416666666666666,0
40,8,26,6,4,146,146,106,100,101,1,Finishing,5,0,-0.009900990099009901,0
59,15,25,19,5,279,279,267,253,279,0,Finishing,0,0,-0.0931899641577061,0
35,10,14,11,4,210,210,163,157,171,0,Finishing,0,0,-0.08187134502923976,0
48,17,24,7,2,356,356,114,106,98,1,Finishing,5,0,0.08163265306122448,1
36,7,17,12,1,130,130,130,117,115,0,Cutting,0,0,0.017391304347826087,1
42,17,12,13,3,323,185,185,180,169,1,Sewing,1,0,0.0650887573964497,1
40,16,10,14,2,325,168,168,166,151,1,Sewing,4,1,0.09933774834437085,1
61,18,25,18,0,335,335,301,292,321,0,Finishing,0,0,-0.09034267912772585,0
55,18,22,15,5,344,344,220,199,205,1,Finishing,1,1,-0.02926829268292683,0
26,8,10,8,5,175,151,142,135,123,0,Finishing,0,0,0.0975609756097561,1
50,11,22,17,4,202,202,202,195,193,0,Cutting,0,0,0.010362694300518135,1
49,6,24,19,3,109,109,109,106,96,0,Cutting,0,0,0.10416666666666667,1
50,9,23,18,5,188,188,188,183,178,0,Cutting,0,0,0.028089887640449437,1
46,12,28,6,3,251,251,97,95,89,1,Finishing,5,1,0.06741573033707865,1
33,5,14,14,2,92,92,92,86,85,0,Cutting,0,0,0.011764705882352941,1
51,10,25,16,2,195,195,195,194,180,0,Cutting,0,0,0.07777777777777778,1
35,12,18,5,5,233,233,79,74,76,1,Finishing,3,1,-0.02631578947368421,0
40,11,24,5,4,218,218,81,74,70,1,Finishing,3,1,0.05714285714285714,1
46,11,27,8,2,209,209,130,127,121,1,Finishing,5,0,0.049586776859504134,1
43,5,29,9,5,98,98,98,91,100,0,Cutting,0,0,-0.09,0
43,10,20,13,4,209,209,209,207,221,0,Cutting,0,0,-0.06334841628959276,0
29,7,10,12,2,143,143,143,136,126,0,Cutting,0,0,0.07936507936507936,1
35,8,22,5,3,147,147,76,73,68,1,Finishing,1,1,0.07352941176470588,1
51,10,28,13,0,193,193,191,187,191,0,Finishing,0,0,-0.020942408376963352,0
45,13,22,10,4,256,256,143,129,138,1,Finishing,1,1,-0.06521739130434782,0
52,6,29,17,0,122,122,122,113,117,0,Cutting,0,0,-0.03418803418803419,0
49,5,25,19,2,101,101,101,99,91,0,Cutting,0,0,0.08791208791208792,1
47,17,22,8,1,356,348,116,111,115,1,Finishing,1,1,-0.034782608695652174,0
36,9,20,7,4,166,166,112,108,113,1,Finishing,1,1,-0.04424778761061947,0
32,11,11,10,3,207,207,165,163,169,0,Finishing,0,0,-0.03550295857988166,0
32,7,14,11,0,130,130,130,119,108,0,Cutting,0,0,0.10185185185185185,1
46,14,16,16,1,292,263,233,214,222,0,Finishing,0,0,-0.036036036036036036,0
47,9,28,10,2,162,162,162,158,148,0,Cutting,0,0,0.06756756756756757,1
51,19,21,11,2,406,330,196,183,189,1,Finishing,1,1,-0.031746031746031744,0
43,19,17,7,1,366,310,122,113,105,1,Finishing,3,1,0.0761904761904762,1
32,6,13,13,5,124,124,124,115,114,0,Cutting,0,0,0.008771929824561403,1
46,12,20,14,2,230,230,205,184,186,0,Finishing,0,0,-0.010752688172043012,0
43,9,16,18,2,191,191,191,188,202,0,Cutting,0,0,-0.06930693069306931,0
34,5,17,12,5,95,95,95,86,82,0,Cutting,0,0,0.04878048780487805,1
50,15,25,10,3,281,281,167,160,163,1,Finishing,5,0,-0.018404907975460124,0
48,15,26,7,4,328,328,124,116,116,1,Finishing,5,0,0.0,1
61,19,26,16,3,350,350,280,253,231,0,Finishing,0,0,0.09523809523809523,1
54,19,27,8,2,389,389,116,115,113,1,Finishing,4,0,0.017699115044247787,1
33,17,10,6,5,323,171,88,80,80,1,Finishing,5,0,0.0,1
45,10,23,12,2,189,189,189,181,184,0,Cutting,0,0,-0.016304347826086956,0
30,9,12,9,1,185,185,142,131,124,0,Finishing,0,0,0.056451612903225805,1
31,9,16,6,5,183,183,94,93,95,1,Finishing,1,0,-0.021052631578947368,0
39,12,18,9,1,226,226,158,155,147,1,Finishing,5,1,0.05442176870748299,1
43,15,23,5,1,313,313,84,78,82,1,Finishing,3,0,-0.04878048780487805,0
41,15,10,16,1,276,151,151,139,152,1,Sewing,2,1,-0.08552631578947369,0
55,12,26,17,1,237,237,237,232,215,0,Cutting,0,0,0.07906976744186046,1
52,6,28,18,1,120,120,120,111,109,0,Cutting,0,0,0.01834862385321101,1
28,10,10,8,5,195,184,120,114,106,1,Finishing,4,1,0.07547169811320754,1
45,7,28,10,3,149,149,149,137,144,0,Cutting,0,0,-0.04861111111111111,0
42,19,16,7,5,384,258,109,102,94,1,Finishing,4,1,0.0851063829787234,1
58,17,28,13,1,313,313,185,172,179,1,Finishing,1,0,-0.03910614525139665,0
42,18,12,12,2,347,180,180,162,150,1,Sewing,5,0,0.08,1
32,7,10,15,4,150,150,150,135,134,0,Cutting,0,0,0.007462686567164179,1
32,5,13,14,2,90,90,90,86,85,0,Cutting,0,0,0.011764705882352941,1
46,6,23,17,3,126,126,126,122,129,0,Cutting,0,0,-0.05426356589147287,0
35,5,14,16,5,103,103,103,93,94,0,Cutting,0,0,-0.010638297872340425,0
44,7,27,10,4,131,131,131,121,110,0,Cutting,0,0,0.1,1
37,5,24,8,4,107,107,107,101,94,0,Cutting,0,0,0.07446808510638298,1
37,11,15,11,5,219,219,181,174,175,0,Finishing,0,0,-0.005714285714285714,0
36,13,16,7,1,266,266,99,92,95,1,Finishing,2,0,-0.031578947368421054,0
43,14,11,18,3,282,175,175,174,168,1,Sewing,3,1,0.03571428571428571,1
54,16,25,13,5,340,340,206,201,214,1,Finishing,4,1,-0.06074766355140187,0
52,11,22,19,0,228,228,228,212,232,0,Cutting,0,0,-0.08620689655172414,0
49,9,25,15,4,175,175,175,162,176,0,Cutting,0,0,-0.07954545454545454,0
33,9,11,13,3,166,166,166,152,139,0,Cutting,0,0,0.09352517985611511,1
41,12,20,9,4,237,237,128,126,120,1,Finishing,4,0,0.05,1
49,17,27,5,0,366,366,70,66,64,1,Finishing,3,1,0.03125,1
54,13,22,19,2,258,258,258,255,258,0,Cutting,0,0,-0.011627906976744186,0
53,14,23,16,0,276,276,246,243,239,0,Finishing,0,0,0.016736401673640166,1
31,5,21,5,2,98,98,77,75,68,0,Finishing,0,0,0.10294117647058823,1
52,11,23,18,3,233,233,233,210,214,0,Cutting,0,0,-0.018691588785046728,0
48,14,17,17,3,286,286,282,259,280,0,Finishing,0,0,-0.075,0
39,18,16,5,1,325,264,72,68,69,1,Finishing,2,1,-0.014492753623188406,0
58,16,26,16,1,321,321,240,226,244,1,Finishing,4,1,-0.07377049180327869,0
31,8,17,6,1,175,175,99,97,96,1,Finishing,4,1,0.010416666666666666,1
45,15,23,7,3,312,312,109,101,92,1,Finishing,5,1,0.09782608695652174,1
51,8,27,16,3,170,170,170,161,150,0,Cutting,0,0,0.07333333333333333,1
54,10,29,15,4,183,183,183,168,170,0,Cutting,0,0,-0.011764705882352941,0
39,14,14,11,4,281,245,162,149,164,1,Finishing,5,0,-0.09146341463414634,0
42,15,15,12,1,310,251,213,207,190,0,Finishing,0,0,0.08947368421052632,1
45,16,23,6,0,340,340,103,101,101,1,Finishing,4,1,0.0,1
42,17,11,14,4,347,207,207,205,194,1,Sewing,2,1,0.05670103092783505,1
55,12,28,15,0,244,244,241,224,223,0,Finishing,0,0,0.004484304932735426,1
55,14,29,12,3,256,256,199,187,195,0,Finishing,0,0,-0.041025641025641026,0
36,9,21,6,5,195,195,96,89,84,1,Finishing,5,1,0.05952380952380952,1
45,10,21,14,5,180,180,180,170,185,0,Cutting,0,0,-0.08108108108108109,0
36,12,15,9,0,227,227,141,127,137,1,Finishing,4,1,-0.072992700729927,0
51,14,19,18,0,295,289,289,263,289,0,Sewing,0,0,-0.08996539792387544,0
43,8,17,18,4,167,167,167,154,167,0,Cutting,0,0,-0.07784431137724551,0
28,9,11,8,2,192,180,132,123,120,1,Finishing,4,0,0.025,1
48,14,29,5,2,300,300,80,74,73,1,Finishing,2,0,0.0136986301369863,1
38,6,14,18,2,112,112,112,101,102,0,Cutting,0,0,-0.00980392156862745,0
36,13,17,6,0,262,262,85,79,83,1,Finishing,3,1,-0.04819277108433735,0
41,14,21,6,2,293,293,104,100,110,1,Finishing,2,1,-0.09090909090909091,0
44,12,21,11,5,252,252,192,185,171,0,Finishing,0,0,0.08187134502923976,1
44,17,18,9,5,327,284,158,154,148,1,Finishing,4,0,0.04054054054054054,1
28,10,10,8,2,207,187,143,135,142,0,Finishing,0,0,-0.04929577464788732,0
33,5,16,12,4,92,92,92,86,84,0,Cutting,0,0,0.023809523809523808,1
41,9,19,13,3,178,178,178,161,159,0,Cutting,0,0,0.012578616352201259,1
49,10,29,10,3,213,213,177,172,158,0,Finishing,0,0,0.08860759493670886,1
52,14,23,15,1,276,276,222,213,196,0,Finishing,0,0,0.08673469387755102,1
41,7,19,15,0,132,132,132,121,128,0,Cutting,0,0,-0.0546875,0
42,10,13,19,1,181,181,181,167,162,0,Cutting,0,0,0.030864197530864196,1
55,13,27,15,2,262,262,226,216,216,0,Finishing,0,0,0.0,1
47,19,22,6,3,359,335,91,86,92,1,Finishing,2,0,-0.06521739130434782,0
45,15,12,18,1,310,180,180,176,192,1,Sewing,3,0,-0.08333333333333333,0
35,8,16,11,1,173,173,173,164,156,0,Cutting,0,0,0.05128205128205128,1
33,7,20,6,0,146,146,103,101,101,1,Finishing,4,1,0.0,1
30,8,12,10,0,146,146,146,132,130,0,Cutting,0,0,0.015384615384615385,1
44,12,13,19,3,225,225,225,203,185,0,Cutting,0,0,0.0972972972972973,1
38,9,24,5,1,192,192,82,75,74,1,Finishing,4,1,0.013513513513513514,1
45,7,22,16,0,130,130,130,121,110,0,Cutting,0,0,0.1,1
49,14,18,17,4,277,277,261,253,251,0,Finishing,0,0,0.00796812749003984,1
42,5,26,11,5,93,93,93,90,97,0,Cutting,0,0,-0.07216494845360824,0
65,19,29,17,5,376,376,276,251,245,1,Finishing,5,0,0.024489795918367346,1
32,5,13,14,3,97,97,97,90,87,0,Cutting,0,0,0.034482758620689655,1
56,19,25,12,5,380,380,181,180,193,1,Finishing,2,0,-0.06735751295336788,0
43,10,28,5,0,203,203,77,72,68,1,Finishing,5,1,0.058823529411764705,1
54,17,29,8,3,311,311,142,141,145,1,Finishing,5,0,-0.027586206896551724,0
34,11,18,5,4,233,233,71,65,59,1,Finishing,4,0,0.1016949152542373,1
35,5,24,6,5,103,103,103,95,94,0,Cutting,0,0,0.010638297872340425,1
29,5,16,8,4,91,91,91,89,97,0,Cutting,0,0,-0.08247422680412371,0
48,8,28,12,5,153,153,153,139,129,0,Cutting,0,0,0.07751937984496124,1
38,15,12,11,0,323,181,164,148,153,1,Finishing,3,1,-0.032679738562091505,0
60,15,28,17,3,312,312,289,266,286,0,Finishing,0,0,-0.06993006993006994,0
50,18,16,16,5,356,301,260,256,275,0,Finishing,0,0,-0.06909090909090909,0
60,17,27,16,5,368,368,248,226,237,1,Finishing,1,0,-0.046413502109704644,0
48,13,23,12,2,283,283,184,182,166,1,Finishing,1,1,0.0963855421686747,1
42,16,11,15,5,332,177,177,160,175,1,Sewing,1,0,-0.08571428571428572,0
46,11,21,14,4,229,229,229,217,205,0,Cutting,0,0,0.05853658536585366,1
54,19,21,14,0,360,360,236,226,246,1,Finishing,2,1,-0.08130081300813008,0
38,6,15,17,1,114,114,114,111,112,0,Cutting,0,0,-0.008928571428571428,0
29,7,12,10,5,152,152,147,137,133,0,Finishing,0,0,0.03007518796992481,1
31,12,11,8,1,229,175,118,111,106,1,Finishing,3,0,0.04716981132075472,1
30,7,15,8,2,137,137,121,117,120,0,Finishing,0,0,-0.025,0
46,12,21,13,4,257,257,200,193,200,0,Finishing,0,0,-0.035,0
46,7,26,13,1,126,126,126,122,115,0,Cutting,0,0,0.06086956521739131,1
50,19,20,11,2,364,335,185,179,163,1,Finishing,1,0,0.09815950920245399,1
47,9,22,16,4,194,194,194,185,193,0,Cutting,0,0,-0.04145077720207254,0
35,7,14,14,2,146,146,146,141,142,0,Cutting,0,0,-0.007042253521126761,0
56,19,20,17,4,365,314,272,253,265,0,Finishing,0,0,-0.045283018867924525,0
45,13,21,11,0,257,257,167,160,166,1,Finishing,4,0,-0.03614457831325301,0
62,19,26,17,4,400,400,292,270,253,1,Finishing,5,0,0.06719367588932806,1
65,18,28,19,1,343,343,341,314,341,0,Finishing,0,0,-0.07917888563049853,0
28,10,12,6,3,200,200,90,89,90,1,Finishing,5,1,-0.011111111111111112,0
49,12,22,15,1,228,228,225,211,193,0,Finishing,0,0,0.09326424870466321,1
44,6,24,14,2,125,125,125,116,105,0,Cutting,0,0,0.10476190476190476,1
51,7,29,15,0,153,153,153,143,147,0,Cutting,0,0,-0.027210884353741496,0
34,6,13,15,1,129,129,129,119,112,0,Cutting,0,0,0.0625,1
38,15,15,8,2,282,230,114,109,102,1,Finishing,1,1,0.06862745098039216,1
38,6,15,17,1,114,114,114,106,97,0,Cutting,0,0,0.09278350515463918,1
35,7,19,9,5,148,148,148,137,150,0,Cutting,0,0,-0.08666666666666667,0
48,9,24,15,0,162,162,162,161,146,0,Cutting,0,0,0.10273972602739725,1
36,15,11,10,2,319,175,156,153,142,1,Finishing,1,0,0.07746478873239436,1
35,11,15,9,2,225,225,151,143,140,1,Finishing,2,0,0.02142857142857143,1
55,17,25,13,5,357,357,191,175,186,1,Finishing,1,1,-0.05913978494623656,0
52,17,25,10,3,313,313,179,170,177,1,Finishing,3,1,-0.03954802259887006,0
50,17,28,5,2,363,363,83,82,79,1,Finishing,1,0,0.0379746835443038,1
43,14,23,6,0,294,294,85,80,82,1,Finishing,5,0,-0.024390243902439025,0
34,10,15,9,1,182,182,155,149,149,0,Finishing,0,0,0.0,1
45,12,25,8,0,216,216,113,112,118,1,Finishing,3,1,-0.05084745762711865,0
43,11,20,12,5,225,225,191,172,158,0,Finishing,0,0,0.08860759493670886,1
37,12,13,12,2,247,207,175,169,165,0,Finishing,0,0,0.024242424242424242,1
55,19,28,8,2,412,412,112,111,102,1,Finishing,2,0,0.08823529411764706,1
34,11,16,7,3,209,209,100,96,88,1,Finishing,4,1,0.09090909090909091,1
35,6,13,16,4,115,115,115,104,111,0,Cutting,0,0,-0.06306306306306306,0
52,13,25,14,2,275,275,203,195,207,1,Finishing,5,1,-0.057971014492753624,0
29,8,13,8,3,170,170,132,125,120,0,Finishing,0,0,0.041666666666666664,1
51,16,16,19,4,290,269,269,257,240,0,Sewing,0,0,0.07083333333333333,1
53,18,26,9,1,373,373,161,160,154,1,Finishing,3,1,0.03896103896103896,1
47,6,28,13,2,128,128,128,121,128,0,Cutting,0,0,-0.0546875,0
37,16,12,9,0,294,201,159,158,166,1,Finishing,1,0,-0.04819277108433735,0
27,8,13,6,0,152,152,87,81,84,1,Finishing,2,0,-0.03571428571428571,0
38,19,13,6,1,353,237,89,85,86,1,Finishing,2,1,-0.011627906976744186,0
46,10,22,14,1,216,216,196,192,209,0,Finishing,0,0,-0.08133971291866028,0
39,11,23,5,3,208,208,85,81,73,1,Finishing,5,0,0.1095890410958904,1
42,14,10,18,2,257,160,160,150,163,1,Sewing,2,1,-0.07975460122699386,0
48,18,12,18,3,353,187,187,183,191,1,Sewing,5,1,-0.041884816753926704,0
53,13,21,19,3,274,274,274,259,283,0,Cutting,0,0,-0.08480565371024736,0
53,14,20,19,0,294,294,275,263,273,0,Finishing,0,0,-0.03663003663003663,0
37,7,15,15,3,142,142,142,136,132,0,Cutting,0,0,0.030303030303030304,1
50,14,27,9,3,257,257,157,145,153,1,Finishing,5,1,-0.05228758169934641,0
41,18,17,6,0,393,268,101,97,100,1,Finishing,3,0,-0.03,0
46,15,17,14,2,297,290,196,184,176,1,Finishing,3,0,0.045454545454545456,1
36,7,10,19,1,130,130,130,117,115,0,Cutting,0,0,0.017391304347826087,1
50,9,24,17,3,186,186,186,171,166,0,Cutting,0,0,0.030120481927710843,1
38,17,16,5,1,336,248,75,74,68,1,Finishing,2,1,0.08823529411764706,1
36,6,18,12,3,112,112,112,111,114,0,Cutting,0,0,-0.02631578947368421,0
42,10,16,16,2,205,205,205,187,172,0,Cutting,0,0,0.0872093023255814,1
41,9,18,14,4,172,172,172,169,155,0,Cutting,0,0,0.09032258064516129,1
32,14,11,7,5,273,166,121,113,110,1,Finishing,3,0,0.02727272727272727,1
35,6,16,13,3,131,131,131,124,113,0,Cutting,0,0,0.09734513274336283,1
59,16,27,16,4,320,320,250,230,228,0,Finishing,0,0,0.008771929824561403,1
55,15,23,17,2,308,308,252,250,256,0,Finishing,0,0,-0.0234375,0
39,5,28,6,1,103,103,87,79,74,0,Finishing,0,0,0.06756756756756757,1
43,13,25,5,4,266,266,77,75,70,1,Finishing,5,0,0.07142857142857142,1
40,14,15,11,3,279,278,193,175,160,1,Finishing,4,0,0.09375,1
39,16,11,12,5,339,202,181,180,197,1,Finishing,1,1,-0.08629441624365482,0
33,12,10,11,5,235,189,177,168,176,0,Finishing,0,0,-0.045454545454545456,0
45,12,18,15,2,218,218,218,216,199,0,Cutting,0,0,0.08542713567839195,1
31,8,15,8,1,148,148,118,110,103,0,Finishing,0,0,0.06796116504854369,1
42,5,28,9,4,94,94,94,90,85,0,Cutting,0,0,0.058823529411764705,1
39,6,16,17,0,127,127,127,120,121,0,Cutting,0,0,-0.008264462809917356,0
32,10,10,12,1,206,182,180,167,185,0,Finishing,0,0,-0.0972972972972973,0
54,13,23,18,3,240,240,240,230,236,0,Cutting,0,0,-0.025423728813559324,0
38,6,24,8,0,123,123,123,121,130,0,Cutting,0,0,-0.06923076923076923,0
38,11,13,14,4,203,203,203,196,186,0,Cutting,0,0,0.053763440860215055,1
47,18,24,5,0,382,382,80,79,78,1,Finishing,4,1,0.01282051282051282,1
35,7,16,12,4,148,148,148,141,138,0,Cutting,0,0,0.021739130434782608,1
50,17,26,7,2,367,367,112,107,97,1,Finishing,5,0,0.10309278350515463,1
54,15,25,14,4,297,297,197,183,181,1,Finishing,4,0,0.011049723756906077,1
47,5,27,15,3,95,95,95,88,84,0,Cutting,0,0,0.047619047619047616,1
35,13,15,7,3,274,245,113,104,99,1,Finishing,5,1,0.050505050505050504,1
50,13,23,14,5,243,243,220,202,211,0,Finishing,0,0,-0.04265402843601896,0
40,5,23,12,3,91,91,91,90,92,0,Cutting,0,0,-0.021739130434782608,0
53,8,27,18,1,173,173,173,156,149,0,Cutting,0,0,0.04697986577181208,1
56,10,28,18,4,184,184,184,181,177,0,Cutting,0,0,0.022598870056497175,1
62,18,28,16,2,351,351,258,234,258,1,Finishing,4,1,-0.09302325581395349,0
47,10,27,10,2,212,212,154,140,130,1,Finishing,5,1,0.07692307692307693,1
56,11,27,18,5,215,215,215,207,221,0,Cutting,0,0,-0.06334841628959276,0
46,11,23,12,3,227,227,203,202,195,0,Finishing,0,0,0.035897435897435895,1
54,9,29,16,1,188,188,188,177,188,0,Cutting,0,0,-0.05851063829787234,0
30,7,14,9,1,134,134,134,125,134,0,Cutting,0,0,-0.06716417910447761,0
40,10,23,7,3,186,186,106,101,107,1,Finishing,4,1,-0.056074766355140186,0
60,16,26,18,5,307,307,262,254,246,0,Finishing,0,0,0.032520325203252036,1
42,6,17,19,2,123,123,123,111,101,0,Cutting,0,0,0.09900990099009901,1
39,12,16,11,4,260,260,157,156,163,1,Finishing,2,1,-0.04294478527607362,0
37,6,17,14,5,110,110,110,107,100,0,Cutting,0,0,0.07,1
46,18,17,11,1,334,309,185,170,174,1,Finishing,4,0,-0.022988505747126436,0
55,18,27,10,3,329,329,160,151,167,1,Finishing,4,0,-0.09580838323353294,0
52,19,19,14,3,354,311,219,205,198,1,Finishing,2,1,0.03535353535353535,1
32,7,18,7,1,130,130,98,89,87,0,Finishing,0,0,0.022988505747126436,1
50,11,24,15,1,215,215,215,207,193,0,Cutting,0,0,0.07253886010362694,1
44,5,25,14,2,107,107,107,105,104,0,Cutting,0,0,0.009615384615384616,1
40,10,15,15,2,192,192,192,190,208,0,Cutting,0,0,-0.08653846153846154,0
30,5,19,6,3,103,103,92,90,95,0,Finishing,0,0,-0.05263157894736842,0
41,12,22,7,2,218,218,110,100,108,1,Finishing,1,1,-0.07407407407407407,0
36,6,18,12,2,131,131,131,127,132,0,Cutting,0,0,-0.03787878787878788,0
53,18,23,12,1,346,346,189,179,169,1,Finishing,5,0,0.05917159763313609,1
39,16,17,6,3,342,315,95,92,95,1,Finishing,1,1,-0.031578947368421054,0
36,5,22,9,1,102,102,102,96,95,0,Cutting,0,0,0.010526315789473684,1
55,13,24,18,1,268,268,268,264,278,0,Cutting,0,0,-0.050359712230215826,0
51,13,20,18,5,247,247,247,225,228,0,Cutting,0,0,-0.013157894736842105,0
40,10,13,17,5,206,200,200,192,180,0,Sewing,0,0,0.06666666666666667,1
44,8,25,11,5,157,157,157,156,166,0,Cutting,0,0,-0.060240963855421686,0
41,11,16,14,5,240,240,221,219,211,0,Finishing,0,0,0.037914691943127965,1
34,8,21,5,1,159,159,81,75,80,1,Finishing,1,1,-0.0625,0
44,14,21,9,0,262,262,150,142,136,1,Finishing,5,0,0.04411764705882353,1
48,9,25,14,2,165,165,165,159,147,0,Cutting,0,0,0.08163265306122448,1
33,11,15,7,5,230,230,113,102,103,1,Finishing,3,0,-0.009708737864077669,0
58,18,26,14,3,344,344,214,202,188,1,Finishing,1,1,0.07446808510638298,1
50,15,27,8,0,309,309,112,105,109,1,Finishing,4,1,-0.03669724770642202,0
56,19,21,16,3,356,325,243,240,227,1,Finishing,2,0,0.05726872246696035,1
46,10,21,15,3,182,182,182,166,152,0,Cutting,0,0,0.09210526315789473,1
51,12,29,10,2,228,228,143,137,132,1,Finishing,1,1,0.03787878787878788,1
50,15,25,10,5,312,312,166,152,163,1,Finishing,2,0,-0.06748466257668712,0
32,10,17,5,2,202,202,89,83,86,1,Finishing,1,0,-0.03488372093023256,0
30,7,15,8,1,153,153,140,139,139,0,Finishing,0,0,0.0,1
44,6,22,16,2,109,109,109,105,98,0,Cutting,0,0,0.07142857142857142,1
40,10,15,15,0,208,208,208,189,187,0,Cutting,0,0,0.0106951871657754,1
33,9,17,7,2,179,179,98,90,90,1,Finishing,2,1,0.0,1
36,15,16,5,0,306,259,78,71,64,1,Finishing,5,1,0.109375,1
47,12,16,19,1,253,252,252,238,263,0,Sewing,0,0,-0.09505703422053231,0
47,16,12,19,3,337,223,223,215,236,1,Sewing,1,1,-0.08898305084745763,0
37,6,16,15,4,113,113,113,112,120,0,Cutting,0,0,-0.06666666666666667,0
39,11,13,15,4,232,204,204,203,224,0,Sewing,0,0,-0.09375,0
33,7,16,10,4,150,150,144,134,141,0,Finishing,0,0,-0.04964539007092199,0
36,13,16,7,5,259,243,118,113,103,1,Finishing,1,0,0.0970873786407767,1
46,17,16,13,0,353,283,194,189,179,1,Finishing,1,0,0.055865921787709494,1
43,9,29,5,3,171,171,75,71,78,1,Finishing,4,0,-0.08974358974358974,0
50,14,26,10,4,262,262,146,136,130,1,Finishing,5,1,0.046153846153846156,1
33,9,16,8,0,164,164,114,110,101,1,Finishing,4,0,0.0891089108910891,1
45,16,17,12,2,344,319,203,184,177,1,Finishing,1,0,0.03954802259887006,1
36,17,10,9,1,322,164,132,127,124,1,Finishing,1,1,0.024193548387096774,1
51,7,25,19,5,126,126,126,119,117,0,Cutting,0,0,0.017094017094017096,1
55,11,29,15,0,221,221,217,206,189,0,Finishing,0,0,0.08994708994708994,1
46,15,22,9,5,310,310,149,142,144,1,Finishing,3,1,-0.013888888888888888,0
35,10,15,10,2,201,201,146,143,137,1,Finishing,2,1,0.043795620437956206,1
42,11,16,15,3,204,204,204,196,202,0,Cutting,0,0,-0.0297029702970297,0
51,19,18,14,3,393,286,229,222,241,1,Finishing,3,0,-0.07883817427385892,0
62,17,29,16,1,318,318,251,230,232,0,Finishing,0,0,-0.008620689655172414,0
36,13,11,12,3,255,176,176,160,166,1,Sewing,2,1,-0.03614457831325301,0
39,5,28,6,4,104,104,102,95,90,0,Finishing,0,0,0.05555555555555555,1
34,6,10,18,5,116,116,116,105,113,0,Cutting,0,0,-0.07079646017699115,0
54,17,25,12,4,323,323,193,186,196,1,Finishing,3,0,-0.05102040816326531,0
34,15,14,5,1,294,226,83,76,71,1,Finishing,2,1,0.07042253521126761,1
54,16,24,14,5,306,306,236,220,215,0,Finishing,0,0,0.023255813953488372,1
30,14,11,5,5,253,165,74,69,64,1,Finishing,1,0,0.078125,1
44,8,28,8,3,172,172,119,115,108,1,Finishing,3,0,0.06481481481481481,1
35,13,15,7,5,246,246,114,112,103,1,Finishing,5,0,0.08737864077669903,1
39,5,17,17,4,109,109,109,100,92,0,Cutting,0,0,0.08695652173913043,1
34,12,13,9,3,250,204,157,148,159,0,Finishing,0,0,-0.06918238993710692,0
55,14,28,13,3,287,287,220,217,219,0,Finishing,0,0,-0.0091324200913242,0
50,19,24,7,0,397,370,112,107,114,1,Finishing,4,0,-0.06140350877192982,0
43,15,18,10,1,329,290,151,138,147,1,Finishing,2,0,-0.061224489795918366,0
49,18,23,8,3,367,367,121,115,108,1,Finishing,4,1,0.06481481481481481,1
34,7,17,10,1,126,126,126,115,116,0,Cutting,0,0,-0.008620689655172414,0
38,9,10,19,3,171,166,166,165,153,0,Sewing,0,0,0.0784313725490196,1
27,5,11,11,4,96,96,96,93,97,0,Cutting,0,0,-0.041237113402061855,0
58,16,25,17,2,297,297,277,266,273,0,Finishing,0,0,-0.02564102564102564,0
62,17,26,19,0,334,334,290,283,310,0,Finishing,0,0,-0.08709677419354839,0
33,5,20,8,0,100,100,100,99,97,0,Cutting,0,0,0.020618556701030927,1
45,10,21,14,1,219,219,208,204,217,0,Finishing,0,0,-0.059907834101382486,0
55,14,25,16,0,274,274,229,217,200,0,Finishing,0,0,0.085,1
38,18,14,6,2,350,244,87,86,79,1,Finishing,1,1,0.08860759493670886,1
39,14,11,14,5,302,173,173,163,159,1,Sewing,4,1,0.025157232704402517,1
55,19,25,11,0,394,394,158,150,143,1,Finishing,1,1,0.04895104895104895,1
45,15,16,14,5,322,292,209,192,184,1,Finishing,1,1,0.043478260869565216,1
44,6,25,13,3,114,114,114,106,109,0,Cutting,0,0,-0.027522935779816515,0
39,15,18,6,5,281,281,90,87,92,1,Finishing,4,0,-0.05434782608695652,0
56,18,19,19,2,391,293,293,277,268,1,Sewing,1,0,0.033582089552238806,1
52,17,27,8,5,339,339,137,123,127,1,Finishing,1,0,-0.031496062992125984,0
57,17,28,12,3,348,348,204,190,198,1,Finishing,3,0,-0.04040404040404041,0
48,18,21,9,2,390,369,139,135,130,1,Finishing,4,1,0.038461538461538464,1
52,10,24,18,3,214,214,214,211,208,0,Cutting,0,0,0.014423076923076924,1
43,17,18,8,3,325,321,139,134,133,1,Finishing,2,0,0.007518796992481203,1
45,12,28,5,4,218,218,77,75,78,1,Finishing,1,0,-0.038461538461538464,0
51,18,25,8,0,378,378,119,117,129,1,Finishing,2,0,-0.09302325581395349,0
40,15,17,8,2,298,298,132,124,129,1,Finishing,3,0,-0.03875968992248062,0
35,7,10,18,2,152,152,152,147,136,0,Cutting,0,0,0.08088235294117647,1
52,17,24,11,3,311,311,182,179,186,1,Finishing,5,0,-0.03763440860215054,0
57,18,29,10,0,372,372,168,157,162,1,Finishing,1,0,-0.030864197530864196,0
36,9,17,10,4,196,196,149,135,124,0,Finishing,0,0,0.08870967741935484,1
43,6,24,13,1,129,129,129,116,123,0,Cutting,0,0,-0.056910569105691054,0
30,5,14,11,2,97,97,97,87,91,0,Cutting,0,0,-0.04395604395604396,0
29,8,14,7,0,169,169,103,97,90,1,Finishing,1,0,0.07777777777777778,1
52,16,28,8,0,323,323,142,139,136,1,Finishing,5,0,0.022058823529411766,1
54,15,21,18,3,293,293,293,272,267,0,Cutting,0,0,0.018726591760299626,1
51,13,22,16,2,277,277,252,240,232,0,Finishing,0,0,0.034482758620689655,1
49,16,20,13,5,347,306,217,212,200,1,Finishing,1,0,0.06,1
41,15,17,9,4,288,286,135,127,117,1,Finishing,2,1,0.08547008547008547,1
42,18,10,14,1,357,150,150,141,137,1,Sewing,3,1,0.029197080291970802,1
32,6,11,15,1,112,112,112,107,116,0,Cutting,0,0,-0.07758620689655173,0
32,14,10,8,0,283,179,122,119,120,1,Finishing,4,1,-0.008333333333333333,0
56,16,28,12,4,329,329,182,165,179,1,Finishing,4,1,-0.0782122905027933,0
31,16,10,5,3,307,162,86,83,86,1,Finishing,4,0,-0.03488372093023256,0
50,18,21,11,1,337,337,175,169,168,1,Finishing,5,0,0.005952380952380952,1
41,16,14,11,2,314,220,176,174,164,1,Finishing,1,0,0.06097560975609756,1
53,14,22,17,3,295,295,243,237,259,0,Finishing,0,0,-0.08494208494208494,0
55,13,27,15,1,248,248,248,227,227,0,Cutting,0,0,0.0,1
47,14,20,13,4,287,287,188,186,200,1,Finishing,4,1,-0.07,0
44,13,12,19,5,260,183,183,176,185,1,Sewing,5,1,-0.04864864864864865,0
48,6,24,18,2,120,120,120,114,108,0,Cutting,0,0,0.05555555555555555,1
57,14,27,16,4,291,291,227,223,224,0,Finishing,0,0,-0.004464285714285714,0
53,16,22,15,3,310,310,231,210,192,1,Finishing,2,1,0.09375,1
44,8,19,17,0,175,175,175,165,165,0,Cutting,0,0,0.0,1
37,7,24,6,0,130,130,105,95,90,0,Finishing,0,0,0.05555555555555555,1
41,5,25,11,2,100,100,100,99,90,0,Cutting,0,0,0.1,1
50,12,24,14,1,219,219,212,201,203,0,Finishing,0,0,-0.009852216748768473,0
50,7,29,14,1,130,130,130,118,115,0,Cutting,0,0,0.02608695652173913,1
42,15,14,13,0,326,261,231,213,229,0,Finishing,0,0,-0.06986899563318777,0
49,17,18,14,3,344,294,227,205,194,0,Finishing,0,0,0.05670103092783505,1
47,14,18,15,3,278,278,262,253,256,0,Finishing,0,0,-0.01171875,0
46,12,23,11,3,241,241,156,150,139,1,Finishing,2,0,0.07913669064748201,1
42,12,13,17,0,259,208,208,193,191,0,Sewing,0,0,0.010471204188481676,1
46,8,24,14,4,158,158,158,152,168,0,Cutting,0,0,-0.09523809523809523,0
45,12,14,19,2,234,234,234,218,199,0,Cutting,0,0,0.09547738693467336,1
36,6,16,14,1,129,129,129,125,122,0,Cutting,0,0,0.02459016393442623,1
47,10,22,15,3,204,204,204,194,202,0,Cutting,0,0,-0.039603960396039604,0
45,19,10,16,4,415,171,171,164,161,1,Sewing,3,0,0.018633540372670808,1
44,7,20,17,1,143,143,143,132,122,0,Cutting,0,0,0.08196721311475409,1
51,16,29,6,2,333,333,93,85,86,1,Finishing,1,1,-0.011627906976744186,0
54,15,29,10,4,328,328,144,134,124,1,Finishing,4,0,0.08064516129032258,1
60,18,24,18,2,337,337,305,280,275,0,Finishing,0,0,0.01818181818181818,1
42,13,22,7,4,238,238,119,118,125,1,Finishing,1,0,-0.056,0
48,15,25,8,3,319,319,125,114,123,1,Finishing,5,0,-0.07317073170731707,0
39,7,14,18,0,126,126,126,114,110,0,Cutting,0,0,0.03636363636363636,1
41,5,22,14,5,104,104,104,100,102,0,Cutting,0,0,-0.0196078431372549,0
44,6,26,12,5,111,111,111,101,97,0,Cutting,0,0,0.041237113402061855,1
47,14,21,12,2,275,275,180,164,168,1,Finishing,5,0,-0.023809523809523808,0
36,11,18,7,4,220,220,121,115,112,1,Finishing,1,1,0.026785714285714284,1
43,15,10,18,4,280,173,173,168,158,1,Sewing,1,0,0.06329113924050633,1
44,14,15,15,0,268,262,219,207,206,0,Finishing,0,0,0.0048543689320388345,1
43,15,13,15,3,299,212,212,192,194,1,Sewing,5,1,-0.010309278350515464,0
42,5,28,9,3,100,100,100,90,86,0,Cutting,0,0,0.046511627906976744,1
45,12,24,9,3,234,234,142,133,144,1,Finishing,3,1,-0.0763888888888889,0
50,19,19,12,1,358,298,188,184,172,1,Finishing,3,0,0.06976744186046512,1
25,7,10,8,4,151,151,126,122,111,0,Finishing,0,0,0.0990990990990991,1
36,7,18,11,3,144,144,144,135,141,0,Cutting,0,0,-0.0425531914893617,0
45,12,20,13,4,263,263,203,187,196,0,Finishing,0,0,-0.04591836734693878,0
33,5,23,5,0,90,90,81,79,74,0,Finishing,0,0,0.06756756756756757,1
33,7,15,11,0,134,134,134,120,118,0,Cutting,0,0,0.01694915254237288,1
35,5,22,8,1,92,92,92,83,91,0,Cutting,0,0,-0.08791208791208792,0
44,5,28,11,4,98,98,98,97,95,0,Cutting,0,0,0.021052631578947368,1
44,16,16,12,5,332,250,181,166,162,1,Finishing,1,0,0.024691358024691357,1
41,5,17,19,3,100,100,100,97,102,0,Cutting,0,0,-0.049019607843137254,0
29,5,13,11,5,107,107,107,98,98,0,Cutting,0,0,0.0,1
57,12,27,18,3,242,242,242,225,215,0,Cutting,0,0,0.046511627906976744,1
54,14,28,12,1,271,271,196,187,181,1,Finishing,5,0,0.03314917127071823,1
47,13,24,10,2,257,257,141,129,121,1,Finishing,5,0,0.06611570247933884,1
29,13,10,6,2,264,189,88,79,74,1,Finishing,4,1,0.06756756756756757,1
31,8,12,11,2,162,162,162,154,161,0,Cutting,0,0,-0.043478260869565216,0
38,13,10,15,4,246,172,172,155,151,1,Sewing,1,0,0.026490066225165563,1
47,11,21,15,0,234,234,232,221,237,0,Finishing,0,0,-0.06751054852320675,0
57,14,25,18,3,284,284,284,275,265,0,Cutting,0,0,0.03773584905660377,1
40,9,18,13,0,187,187,187,172,161,0,Cutting,0,0,0.06832298136645963,1
31,5,10,16,5,108,108,108,107,99,0,Cutting,0,0,0.08080808080808081,1
34,10,17,7,1,219,219,116,106,104,1,Finishing,1,0,0.019230769230769232,1
41,6,16,19,5,127,127,127,125,117,0,Cutting,0,0,0.06837606837606838,1
43,10,25,8,4,192,192,143,134,124,1,Finishing,5,1,0.08064516129032258,1
32,13,12,7,0,260,211,122,115,106,1,Finishing,3,1,0.08490566037735849,1
55,17,26,12,1,366,366,210,208,225,1,Finishing,5,0,-0.07555555555555556,0
47,15,19,13,4,289,289,195,178,171,1,Finishing,4,0,0.04093567251461988,1
48,13,29,6,1,241,241,103,100,95,1,Finishing,4,0,0.05263157894736842,1
50,17,18,15,5,308,308,256,243,250,0,Finishing,0,0,-0.028,0
50,13,28,9,1,277,277,153,140,145,1,Finishing,3,1,-0.034482758620689655,0
39,12,13,14,1,251,245,200,181,166,0,Finishing,0,0,0.09036144578313253,1
31,11,13,7,2,202,202,118,109,113,1,Finishing,1,0,-0.035398230088495575,0
49,14,28,7,3,284,284,110,108,100,1,Finishing,1,1,0.08,1
36,17,10,9,4,308,172,151,147,151,1,Finishing,4,1,-0.026490066225165563,0
34,7,18,9,4,136,136,136,123,112,0,Cutting,0,0,0.09821428571428571,1
44,15,15,14,1,295,284,227,225,249,0,Finishing,0,0,-0.0963855421686747,0
52,10,25,17,1,185,185,185,183,181,0,Cutting,0,0,0.011049723756906077,1
40,12,13,15,0,254,199,199,197,209,0,Sewing,0,0,-0.05741626794258373,0
51,16,17,18,3,298,298,273,258,252,0,Finishing,0,0,0.023809523809523808,1
58,13,29,16,4,249,249,234,226,244,0,Finishing,0,0,-0.07377049180327869,0
36,16,15,5,1,335,240,87,86,91,1,Finishing,5,0,-0.054945054945054944,0
36,15,16,5,1,286,264,72,69,68,1,Finishing,5,1,0.014705882352941176,1
39,5,25,9,1,94,94,94,91,92,0,Cutting,0,0,-0.010869565217391304,0
35,14,11,10,3,301,165,165,156,161,1,Sewing,5,0,-0.031055900621118012,0
34,9,10,15,2,171,171,171,169,179,0,Cutting,0,0,-0.055865921787709494,0
41,16,15,10,0,302,240,141,128,116,1,Finishing,5,0,0.10344827586206896,1
39,16,14,9,3,303,238,156,144,146,1,Finishing,3,1,-0.0136986301369863,0
29,6,10,13,4,122,122,122,110,107,0,Cutting,0,0,0.028037383177570093,1
38,6,26,6,1,121,121,106,97,98,0,Finishing,0,0,-0.01020408163265306,0
41,8,25,8,1,170,170,128,123,130,0,Finishing,0,0,-0.05384615384615385,0
54,10,26,18,5,196,196,196,178,171,0,Cutting,0,0,0.04093567251461988,1
55,17,28,10,1,314,314,152,147,138,1,Finishing,3,0,0.06521739130434782,1
34,9,11,14,4,185,185,185,171,189,0,Cutting,0,0,-0.09523809523809523,0
46,12,21,13,5,233,233,204,203,211,0,Finishing,0,0,-0.037914691943127965,0
38,6,17,15,0,115,115,115,103,104,0,Cutting,0,0,-0.009615384615384616,0
36,10,13,13,3,196,196,186,176,173,0,Finishing,0,0,0.017341040462427744,1
48,17,12,19,2,370,203,203,199,208,1,Sewing,3,1,-0.04326923076923077,0
45,17,12,16,4,372,199,199,187,193,1,Sewing,3,0,-0.031088082901554404,0
52,11,22,19,3,199,199,199,195,212,0,Cutting,0,0,-0.08018867924528301,0
45,15,15,15,2,295,265,246,240,242,0,Finishing,0,0,-0.008264462809917356,0
54,17,20,17,3,313,313,304,274,284,0,Finishing,0,0,-0.035211267605633804,0
25,5,13,7,0,92,92,92,83,79,0,Cutting,0,0,0.05063291139240506,1
49,11,22,16,5,217,217,217,216,200,0,Cutting,0,0,0.08,1
51,12,25,14,5,259,259,217,198,193,0,Finishing,0,0,0.025906735751295335,1
48,18,19,11,2,344,344,156,149,163,1,Finishing,3,1,-0.08588957055214724,0
50,19,25,6,3,417,399,102,97,101,1,Finishing,4,1,-0.039603960396039604,0
47,17,21,9,4,352,352,159,146,159,1,Finishing,5,1,-0.08176100628930817,0
38,7,20,11,4,135,135,135,125,117,0,Cutting,0,0,0.06837606837606838,1
36,9,12,15,2,169,169,169,165,166,0,Cutting,0,0,-0.006024096385542169,0
44,10,17,17,0,207,207,207,197,180,0,Cutting,0,0,0.09444444444444444,1
39,7,25,7,3,134,134,118,109,112,0,Finishing,0,0,-0.026785714285714284,0
42,5,29,8,4,91,91,91,88,82,0,Cutting,0,0,0.07317073170731707,1
36,8,12,16,5,156,156,156,144,137,0,Cutting,0,0,0.051094890510948905,1
44,14,19,11,2,270,270,173,168,178,1,Finishing,4,0,-0.056179775280898875,0
45,17,17,11,5,310,296,170,166,154,1,Finishing,5,1,0.07792207792207792,1
46,7,27,12,5,135,135,135,125,137,0,Cutting,0,0,-0.08759124087591241,0
63,19,28,16,0,349,349,225,222,239,1,Finishing,1,0,-0.07112970711297072,0
53,13,21,19,4,274,274,274,264,273,0,Cutting,0,0,-0.03296703296703297,0
32,11,13,8,3,239,203,142,128,128,1,Finishing,1,1,0.0,1
48,5,29,14,1,92,92,92,85,88,0,Cutting,0,0,-0.03409090909090909,0
41,14,11,16,1,272,186,186,170,180,1,Sewing,4,0,-0.05555555555555555,0
40,8,25,7,0,157,157,104,96,98,1,Finishing,4,1,-0.02040816326530612,0
46,17,15,14,2,327,279,218,212,229,0,Finishing,0,0,-0.07423580786026202,0
42,8,20,14,1,168,168,168,166,151,0,Cutting,0,0,0.09933774834437085,1
32,13,13,6,1,274,220,91,90,87,1,Finishing,4,0,0.034482758620689655,1
35,6,16,13,3,127,127,127,126,121,0,Cutting,0,0,0.04132231404958678,1
